GROUP,PACKAGE,CLASS,INSTRUCTION_MISSED,INSTRUCTION_COVERED,BRANCH_MISSED,BRANCH_COVERED,LINE_MISSED,LINE_COVERED,COMPLEXITY_MISSED,COMPLEXITY_COVERED,METHOD_MISSED,METHOD_COVERED
Apache Tika core,org.apache.tika.metadata.writefilter,StandardMetadataLimiter,844,0,100,0,189,0,67,0,17,0
Apache Tika core,org.apache.tika.metadata.writefilter,StandardMetadataLimiter.StringSizePair,12,0,0,0,5,0,1,0,1,0
Apache Tika core,org.apache.tika.metadata.writefilter,StandardMetadataLimiterFactory,156,0,10,0,37,0,22,0,17,0
Apache Tika core,org.apache.tika.utils,SystemUtils,102,0,26,0,24,0,20,0,7,0
Apache Tika core,org.apache.tika.utils,XMLReaderUtils.BuiltInPoolSAXParser,17,0,0,0,8,0,2,0,2,0
Apache Tika core,org.apache.tika.utils,StringUtils,291,0,59,0,71,0,39,0,9,0
Apache Tika core,org.apache.tika.utils,XMLReaderUtils.UnrecognizedPoolSAXParser,22,0,0,0,11,0,2,0,2,0
Apache Tika core,org.apache.tika.utils,XMLReaderUtils.PoolDOMBuilder,34,0,0,0,13,0,5,0,5,0
Apache Tika core,org.apache.tika.utils,CompareUtils,32,0,4,0,8,0,4,0,2,0
Apache Tika core,org.apache.tika.utils,ConcurrentUtils,35,0,2,0,11,0,3,0,2,0
Apache Tika core,org.apache.tika.utils,XMLReaderUtils.Xerces2PoolSAXParser,33,0,0,0,13,0,2,0,2,0
Apache Tika core,org.apache.tika.utils,XMLReaderUtils.new ErrorHandler() {...},6,0,0,0,4,0,4,0,4,0
Apache Tika core,org.apache.tika.utils,XMLReaderUtils.new DTDHandler() {...},5,0,0,0,3,0,3,0,3,0
Apache Tika core,org.apache.tika.utils,CharsetUtils,435,0,32,0,81,0,22,0,6,0
Apache Tika core,org.apache.tika.utils,FileProcessResult,113,0,0,0,38,0,20,0,20,0
Apache Tika core,org.apache.tika.utils,DurationFormatUtils,115,0,8,0,28,0,8,0,4,0
Apache Tika core,org.apache.tika.utils,ExceptionUtils,61,0,6,0,20,0,8,0,5,0
Apache Tika core,org.apache.tika.utils,ProcessUtils,525,0,54,0,142,0,38,0,11,0
Apache Tika core,org.apache.tika.utils,XMLReaderUtils,1282,0,118,0,422,0,104,0,45,0
Apache Tika core,org.apache.tika.utils,RegexUtils,34,0,6,0,10,0,6,0,3,0
Apache Tika core,org.apache.tika.utils,ServiceLoaderUtils,46,0,0,0,11,0,3,0,3,0
Apache Tika core,org.apache.tika.utils,DateUtils,185,0,14,0,38,0,16,0,9,0
Apache Tika core,org.apache.tika.utils,ParserUtils,126,0,14,0,25,0,14,0,7,0
Apache Tika core,org.apache.tika.utils,XMLReaderUtils.PoolSAXParser,25,0,0,0,9,0,4,0,4,0
Apache Tika core,org.apache.tika.utils,XMLReaderUtils.XercesPoolSAXParser,14,0,0,0,7,0,2,0,2,0
Apache Tika core,org.apache.tika.utils,StreamGobbler,170,0,26,0,47,0,19,0,6,0
Apache Tika core,org.apache.tika.parser.external,ExternalParser,469,0,56,0,119,0,37,0,9,0
Apache Tika core,org.apache.tika.parser.external,ExternalParserConfig,119,0,0,0,48,0,27,0,27,0
Apache Tika core,org.apache.tika.exception,UnsupportedFormatException,4,0,0,0,2,0,1,0,1,0
Apache Tika core,org.apache.tika.exception,TikaException,5,4,0,0,2,2,1,1,1,1
Apache Tika core,org.apache.tika.exception,FileTooLongException,14,0,0,0,5,0,3,0,3,0
Apache Tika core,org.apache.tika.exception,TikaConfigException,9,0,0,0,4,0,2,0,2,0
Apache Tika core,org.apache.tika.exception,EmbeddedLimitReachedException.LimitType,15,0,0,0,3,0,1,0,1,0
Apache Tika core,org.apache.tika.exception,AccessPermissionException,18,0,0,0,8,0,4,0,4,0
Apache Tika core,org.apache.tika.exception,RuntimeSAXException,4,0,0,0,2,0,1,0,1,0
Apache Tika core,org.apache.tika.exception,TikaTimeoutException,4,0,0,0,2,0,1,0,1,0
Apache Tika core,org.apache.tika.exception,EncryptedDocumentException,18,0,0,0,8,0,4,0,4,0
Apache Tika core,org.apache.tika.exception,WriteLimitReachedException,59,0,12,0,22,0,12,0,6,0
Apache Tika core,org.apache.tika.exception,CorruptedFileException,9,0,0,0,4,0,2,0,2,0
Apache Tika core,org.apache.tika.exception,TikaMemoryLimitException,14,0,0,0,5,0,3,0,3,0
Apache Tika core,org.apache.tika.exception,EmbeddedLimitReachedException,30,0,3,0,10,0,6,0,4,0
Apache Tika core,org.apache.tika.exception,ZeroByteFileException.IgnoreZeroByteFileException,3,0,0,0,1,0,1,0,1,0
Apache Tika core,org.apache.tika.exception,ZeroByteFileException,9,0,0,0,3,0,2,0,2,0
Apache Tika core,org.apache.tika.language.detect,LanguageDetector,133,0,8,0,43,0,19,0,15,0
Apache Tika core,org.apache.tika.language.detect,LanguageNames,39,0,0,0,13,0,7,0,7,0
Apache Tika core,org.apache.tika.language.detect,LanguageHandler,30,0,0,0,9,0,5,0,5,0
Apache Tika core,org.apache.tika.language.detect,LanguageResult,114,0,8,0,23,0,15,0,11,0
Apache Tika core,org.apache.tika.language.detect,LanguageWriter,28,0,0,0,12,0,7,0,7,0
Apache Tika core,org.apache.tika.language.detect,LanguageConfidence,27,0,0,0,2,0,1,0,1,0
Apache Tika core,org.apache.tika.detect,EncodingProbeCache,35,0,6,0,10,0,6,0,3,0
Apache Tika core,org.apache.tika.detect,EncodingResult.ResultType,21,0,0,0,4,0,1,0,1,0
Apache Tika core,org.apache.tika.detect,TextDetector,109,0,10,0,28,0,9,0,4,0
Apache Tika core,org.apache.tika.detect,DefaultEncodingDetector,21,0,0,0,6,0,3,0,3,0
Apache Tika core,org.apache.tika.detect,DefaultProbDetector,70,0,2,0,20,0,8,0,7,0
Apache Tika core,org.apache.tika.detect,TrainedModel,3,0,0,0,1,0,1,0,1,0
Apache Tika core,org.apache.tika.detect,EncodingDetectorContext.Result,49,0,0,0,10,0,7,0,7,0
Apache Tika core,org.apache.tika.detect,MetadataCharsetDetector,106,0,20,0,34,0,18,0,8,0
Apache Tika core,org.apache.tika.detect,NameDetector,124,0,22,0,32,0,13,0,2,0
Apache Tika core,org.apache.tika.detect,CompositeEncodingDetector,544,0,50,0,112,0,36,0,11,0
Apache Tika core,org.apache.tika.detect,XmlRootExtractor,79,0,10,0,25,0,10,0,5,0
Apache Tika core,org.apache.tika.detect,TrainedModelDetector,228,0,16,0,61,0,16,0,8,0
Apache Tika core,org.apache.tika.detect,NNTrainedModel,230,0,16,0,43,0,12,0,4,0
Apache Tika core,org.apache.tika.detect,BOMDetector,148,0,18,0,31,0,13,0,4,0
Apache Tika core,org.apache.tika.detect,DetectHelper,101,0,10,0,20,0,10,0,5,0
Apache Tika core,org.apache.tika.detect,DefaultDetector,231,0,38,0,64,0,30,0,11,0
Apache Tika core,org.apache.tika.detect,TypeDetector,18,0,4,0,7,0,4,0,2,0
Apache Tika core,org.apache.tika.detect,AutoDetectReader,159,0,12,0,45,0,17,0,11,0
Apache Tika core,org.apache.tika.detect,EncodingResult,102,0,8,0,22,0,13,0,9,0
Apache Tika core,org.apache.tika.detect,HighByteLetterStats,98,0,26,0,25,0,16,0,3,0
Apache Tika core,org.apache.tika.detect,CompositeDetector,163,0,30,0,44,0,24,0,9,0
Apache Tika core,org.apache.tika.detect,ZeroSizeFileDetector,20,0,4,0,7,0,4,0,2,0
Apache Tika core,org.apache.tika.detect,MagicDetector,1028,0,130,0,196,0,81,0,13,0
Apache Tika core,org.apache.tika.detect,EncodingDetectorContext,118,0,16,0,26,0,16,0,8,0
Apache Tika core,org.apache.tika.detect,OverrideEncodingDetector,45,0,0,0,14,0,7,0,7,0
Apache Tika core,org.apache.tika.detect,FileCommandDetector,184,0,18,0,53,0,20,0,11,0
Apache Tika core,org.apache.tika.detect,EmptyDetector,10,0,0,0,3,0,3,0,3,0
Apache Tika core,org.apache.tika.detect,OverrideDetector,23,0,4,0,8,0,4,0,2,0
Apache Tika core,org.apache.tika.detect,TextStatistics,257,0,26,0,34,0,25,0,12,0
Apache Tika core,org.apache.tika.detect,XmlRootExtractor.MalformedCharException,4,0,0,0,2,0,1,0,1,0
Apache Tika core,org.apache.tika.detect,OverrideEncodingDetector.Config,6,0,0,0,2,0,1,0,1,0
Apache Tika core,org.apache.tika.detect,NNExampleModelDetector,206,0,8,0,60,0,12,0,8,0
Apache Tika core,org.apache.tika.detect,NNTrainedModelBuilder,50,0,0,0,17,0,12,0,12,0
Apache Tika core,org.apache.tika.detect,XmlRootExtractor.ExtractorHandler,18,0,0,0,4,0,2,0,2,0
Apache Tika core,org.apache.tika.detect,CharsetSupersets,67,0,6,0,19,0,6,0,3,0
Apache Tika core,org.apache.tika.metadata.filter,NoOpFilter,9,0,0,0,3,0,3,0,3,0
Apache Tika core,org.apache.tika.metadata.filter,RemoveByMimeMetadataFilter.Config,8,0,0,0,2,0,1,0,1,0
Apache Tika core,org.apache.tika.metadata.filter,MetadataFilterBase,18,0,2,0,5,0,3,0,2,0
Apache Tika core,org.apache.tika.metadata.filter,CaptureGroupMetadataFilter,134,0,12,0,42,0,17,0,11,0
Apache Tika core,org.apache.tika.metadata.filter,ExcludeFieldMetadataFilter,57,0,2,0,17,0,8,0,7,0
Apache Tika core,org.apache.tika.metadata.filter,DateNormalizingMetadataFilter,123,0,10,0,34,0,12,0,7,0
Apache Tika core,org.apache.tika.metadata.filter,GeoPointMetadataFilter.Config,6,0,0,0,2,0,1,0,1,0
Apache Tika core,org.apache.tika.metadata.filter,GeoPointMetadataFilter,54,0,4,0,19,0,8,0,6,0
Apache Tika core,org.apache.tika.metadata.filter,LegacyKeyMigrationFilter.Config,9,0,0,0,3,0,1,0,1,0
Apache Tika core,org.apache.tika.metadata.filter,ExcludeFieldMetadataFilter.Config,8,0,0,0,2,0,1,0,1,0
Apache Tika core,org.apache.tika.metadata.filter,CaptureGroupMetadataFilter.Config,3,0,0,0,1,0,1,0,1,0
Apache Tika core,org.apache.tika.metadata.filter,ClearByAttachmentTypeMetadataFilter,135,0,12,0,35,0,13,0,7,0
Apache Tika core,org.apache.tika.metadata.filter,LegacyKeyMigrationFilter,353,0,50,0,67,0,35,0,10,0
Apache Tika core,org.apache.tika.metadata.filter,LegacyKeyMigrationFilter.Direction,15,0,0,0,1,0,1,0,1,0
Apache Tika core,org.apache.tika.metadata.filter,RemoveByMimeMetadataFilter,71,0,4,0,23,0,10,0,8,0
Apache Tika core,org.apache.tika.metadata.filter,IncludeFieldMetadataFilter,67,0,4,0,17,0,9,0,7,0
Apache Tika core,org.apache.tika.metadata.filter,IncludeFieldMetadataFilter.Config,8,0,0,0,2,0,1,0,1,0
Apache Tika core,org.apache.tika.metadata.filter,CompositeMetadataFilter,63,0,4,0,19,0,9,0,7,0
Apache Tika core,org.apache.tika.metadata.filter,MetadataFilter,16,0,0,0,6,0,4,0,4,0
Apache Tika core,org.apache.tika.metadata.filter,DefaultMetadataFilter,23,0,0,0,9,0,4,0,4,0
Apache Tika core,org.apache.tika.metadata.filter,DateNormalizingMetadataFilter.Config,6,0,0,0,2,0,1,0,1,0
Apache Tika core,org.apache.tika.metadata.filter,FieldNameMappingFilter.Config,11,0,0,0,3,0,1,0,1,0
Apache Tika core,org.apache.tika.metadata.filter,ClearByAttachmentTypeMetadataFilter.Config,8,0,0,0,2,0,1,0,1,0
Apache Tika core,org.apache.tika.metadata.filter,FieldNameMappingFilter,192,0,16,0,34,0,16,0,8,0
Apache Tika core,org.apache.tika.renderer,RenderingTracker,14,0,0,0,3,0,2,0,2,0
Apache Tika core,org.apache.tika.renderer,RenderingState,3,0,0,0,1,0,1,0,1,0
Apache Tika core,org.apache.tika.renderer,RenderResult.new Closeable() {...},14,0,0,0,3,0,2,0,2,0
Apache Tika core,org.apache.tika.renderer,PageRangeRequest,69,0,10,0,14,0,11,0,6,0
Apache Tika core,org.apache.tika.renderer,PageBasedRenderResults,49,0,4,0,13,0,5,0,3,0
Apache Tika core,org.apache.tika.renderer,CompositeRenderer,116,0,10,0,29,0,11,0,6,0
Apache Tika core,org.apache.tika.renderer,RenderResult,74,0,6,0,21,0,9,0,6,0
Apache Tika core,org.apache.tika.renderer,RenderResults,28,0,0,0,10,0,4,0,4,0
Apache Tika core,org.apache.tika.renderer,RenderResult.STATUS,21,0,0,0,4,0,1,0,1,0
Apache Tika core,org.apache.tika.mime,AndClause,62,0,6,0,12,0,7,0,4,0
Apache Tika core,org.apache.tika.mime,MimeTypesReader.ClauseRecord,113,0,10,0,21,0,8,0,3,0
Apache Tika core,org.apache.tika.mime,MediaTypeRegistry,234,0,42,0,51,0,34,0,13,0
Apache Tika core,org.apache.tika.mime,MimeTypesReader.MinShouldMatchVal,16,0,0,0,6,0,4,0,4,0
Apache Tika core,org.apache.tika.mime,MimeTypes,743,0,106,0,191,0,73,0,20,0
Apache Tika core,org.apache.tika.mime,MimeTypeException,9,0,0,0,4,0,2,0,2,0
Apache Tika core,org.apache.tika.mime,Patterns.LengthComparator,14,0,2,0,4,0,2,0,1,0
Apache Tika core,org.apache.tika.mime,MimeType,412,0,90,0,102,0,75,0,30,0
Apache Tika core,org.apache.tika.mime,OrClause,52,0,6,0,14,0,7,0,4,0
Apache Tika core,org.apache.tika.mime,Patterns,388,0,64,0,77,0,40,0,8,0
Apache Tika core,org.apache.tika.mime,MimeTypesFactory,215,0,16,0,45,0,20,0,12,0
Apache Tika core,org.apache.tika.mime,ProbabilisticMimeDetectionSelector.Builder,58,0,0,0,22,0,12,0,12,0
Apache Tika core,org.apache.tika.mime,ProbabilisticMimeDetectionSelector,957,0,146,0,211,0,81,0,8,0
Apache Tika core,org.apache.tika.mime,MagicMatch,62,0,2,0,14,0,6,0,5,0
Apache Tika core,org.apache.tika.mime,MediaType,239,459,37,53,50,105,45,28,18,10
Apache Tika core,org.apache.tika.mime,MinShouldMatchClause,94,0,16,0,24,0,12,0,4,0
Apache Tika core,org.apache.tika.mime,HexCoDec,209,0,18,0,25,0,17,0,8,0
Apache Tika core,org.apache.tika.mime,MimeTypesReader,567,0,60,0,147,0,44,0,14,0
Apache Tika core,org.apache.tika.mime,Magic,100,0,12,0,24,0,15,0,9,0
Apache Tika core,org.apache.tika.mime,MimeType.RootXML,94,0,16,0,23,0,15,0,7,0
Apache Tika core,org.apache.tika.io,CachingSource,445,0,74,0,117,0,51,0,14,0
Apache Tika core,org.apache.tika.io,LookaheadInputStream,164,0,16,0,40,0,18,0,10,0
Apache Tika core,org.apache.tika.io,FileSource,161,0,14,0,43,0,21,0,14,0
Apache Tika core,org.apache.tika.io,StreamCache.CacheInputStream,64,0,8,0,15,0,7,0,3,0
Apache Tika core,org.apache.tika.io,FilenameUtils,871,0,110,0,175,0,69,0,14,0
Apache Tika core,org.apache.tika.io,StreamCache,381,0,42,0,89,0,36,0,15,0
Apache Tika core,org.apache.tika.io,EndianUtils.BufferUnderrunException,0,4,0,0,0,2,0,1,0,1
Apache Tika core,org.apache.tika.io,BoundedInputStream,171,0,16,0,34,0,22,0,14,0
Apache Tika core,org.apache.tika.io,TailStream,287,0,22,0,61,0,23,0,12,0
Apache Tika core,org.apache.tika.io,EndianUtils,527,158,18,10,90,31,39,7,28,4
Apache Tika core,org.apache.tika.io,SpoolingStrategy,117,0,18,0,31,0,17,0,8,0
Apache Tika core,org.apache.tika.io,TemporaryResources,165,0,18,0,50,0,22,0,13,0
Apache Tika core,org.apache.tika.io,ByteArraySource,188,0,16,0,44,0,21,0,13,0
Apache Tika core,org.apache.tika.io,TikaInputStream,797,0,76,0,200,0,84,0,46,0
Apache Tika core,org.apache.tika.io,CachingInputStream,311,0,38,0,80,0,34,0,15,0
Apache Tika core,org.apache.tika.concurrent,SimpleThreadPoolExecutor,17,0,0,0,3,0,2,0,2,0
Apache Tika core,org.apache.tika.quality,TextQualityScore,79,0,2,0,17,0,9,0,8,0
Apache Tika core,org.apache.tika.quality,TextQualityComparison,76,0,0,0,16,0,8,0,8,0
Apache Tika core,org.apache.tika.extractor,ParserContainerExtractor.RecursiveParser,73,0,2,0,16,0,4,0,3,0
Apache Tika core,org.apache.tika.extractor,UnpackSelector,5,0,0,0,1,0,1,0,1,0
Apache Tika core,org.apache.tika.extractor,DefaultEmbeddedStreamTranslator,66,0,8,0,20,0,9,0,5,0
Apache Tika core,org.apache.tika.extractor,EmbeddedDocumentUtil,378,0,62,0,107,0,53,0,22,0
Apache Tika core,org.apache.tika.extractor,SkipEmbeddedDocumentSelector,5,0,0,0,2,0,2,0,2,0
Apache Tika core,org.apache.tika.extractor,ParserContainerExtractor,64,0,0,0,14,0,4,0,4,0
Apache Tika core,org.apache.tika.extractor,ParentContentHandler,9,0,0,0,4,0,2,0,2,0
Apache Tika core,org.apache.tika.extractor,StandardExtractorFactory,8,0,0,0,2,0,2,0,2,0
Apache Tika core,org.apache.tika.extractor,UnpackSelector.AcceptAll,5,0,0,0,2,0,2,0,2,0
Apache Tika core,org.apache.tika.extractor,EmbeddedDocumentUtil.EmbeddedResourcePrefix,35,0,0,0,8,0,3,0,3,0
Apache Tika core,org.apache.tika.extractor,ParsingEmbeddedDocumentExtractor,285,0,54,0,73,0,35,0,8,0
Apache Tika core,org.apache.tika.sax,StandardsText,163,0,20,0,42,0,15,0,5,0
Apache Tika core,org.apache.tika.sax,StandardReference,77,0,4,0,27,0,14,0,12,0
Apache Tika core,org.apache.tika.sax,StrictXHTMLValidator.QName,73,0,16,0,13,0,11,0,3,0
Apache Tika core,org.apache.tika.sax,StandardsExtractingContentHandler,109,0,6,0,30,0,10,0,7,0
Apache Tika core,org.apache.tika.sax,TextAndAttributeContentHandler,66,0,4,0,15,0,5,0,3,0
Apache Tika core,org.apache.tika.sax,ToXMLContentHandler,373,0,28,0,90,0,27,0,13,0
Apache Tika core,org.apache.tika.sax,TaggedSAXException,16,0,0,0,5,0,3,0,3,0
Apache Tika core,org.apache.tika.sax,Link,204,0,18,0,51,0,22,0,13,0
Apache Tika core,org.apache.tika.sax,WriteOutContentHandler,181,0,16,0,46,0,18,0,10,0
Apache Tika core,org.apache.tika.sax,EmbeddedContentHandler,6,0,0,0,4,0,3,0,3,0
Apache Tika core,org.apache.tika.sax,ToXMLContentHandler.ElementInfo,63,0,12,0,18,0,9,0,3,0
Apache Tika core,org.apache.tika.sax,StandardReference.StandardReferenceBuilder,45,0,0,0,13,0,4,0,4,0
Apache Tika core,org.apache.tika.sax,XHTMLBalancingHandler,62,0,4,0,16,0,7,0,5,0
Apache Tika core,org.apache.tika.sax,CleanPhoneText,2782,0,12,0,26,0,10,0,4,0
Apache Tika core,org.apache.tika.sax,RecursiveParserWrapperHandler,183,0,20,0,47,0,17,0,7,0
Apache Tika core,org.apache.tika.sax,ElementMappingContentHandler.TargetElement,79,0,4,0,19,0,9,0,7,0
Apache Tika core,org.apache.tika.sax,SecureContentHandler.SecureSAXException,15,0,2,0,4,0,3,0,2,0
Apache Tika core,org.apache.tika.sax,SafeContentHandler.StringOutput,20,0,0,0,5,0,3,0,3,0
Apache Tika core,org.apache.tika.sax,XHTMLBalancingHandler.QName,24,0,6,0,5,0,4,0,1,0
Apache Tika core,org.apache.tika.sax,SAXOutputConfig,33,0,0,0,14,0,7,0,7,0
Apache Tika core,org.apache.tika.sax,ToMarkdownContentHandler,990,0,159,0,263,0,126,0,32,0
Apache Tika core,org.apache.tika.sax,TextContentHandler,64,0,2,0,21,0,11,0,10,0
Apache Tika core,org.apache.tika.sax,LinkContentHandler,252,0,34,0,54,0,24,0,7,0
Apache Tika core,org.apache.tika.sax,BasicContentHandlerFactory,459,0,63,0,98,0,63,0,23,0
Apache Tika core,org.apache.tika.sax,DIFContentHandler,389,0,20,0,76,0,20,0,10,0
Apache Tika core,org.apache.tika.sax,XMPContentHandler,230,0,8,0,58,0,13,0,9,0
Apache Tika core,org.apache.tika.sax,StoppingEarlyException,8,0,0,0,2,0,2,0,2,0
Apache Tika core,org.apache.tika.sax,ElementMappingContentHandler,72,0,6,0,18,0,7,0,4,0
Apache Tika core,org.apache.tika.sax,ToTextContentHandler,134,0,14,0,36,0,16,0,9,0
Apache Tika core,org.apache.tika.sax,ToHTMLContentHandler,92,0,4,0,15,0,7,0,5,0
Apache Tika core,org.apache.tika.sax,OfflineContentHandler,11,0,0,0,3,0,2,0,2,0
Apache Tika core,org.apache.tika.sax,ContentHandlerFactory,2,0,0,0,1,0,1,0,1,0
Apache Tika core,org.apache.tika.sax,ContentHandlerDecorator,204,0,12,0,79,0,26,0,20,0
Apache Tika core,org.apache.tika.sax,TeeContentHandler,246,0,22,0,36,0,23,0,12,0
Apache Tika core,org.apache.tika.sax,SafeContentHandler,260,0,38,0,60,0,32,0,13,0
Apache Tika core,org.apache.tika.sax,BodyContentHandler,39,0,0,0,11,0,5,0,5,0
Apache Tika core,org.apache.tika.sax,AbstractRecursiveParserWrapperHandler,59,0,2,0,19,0,9,0,8,0
Apache Tika core,org.apache.tika.sax,XHTMLContentHandler,661,0,62,0,125,0,50,0,19,0
Apache Tika core,org.apache.tika.sax,StandardOrganizations,521,0,0,0,109,0,4,0,4,0
Apache Tika core,org.apache.tika.sax,TaggedContentHandler,40,0,8,0,12,0,8,0,4,0
Apache Tika core,org.apache.tika.sax,BasicContentHandlerFactory.NoOpContentHandler,2,0,0,0,1,0,1,0,1,0
Apache Tika core,org.apache.tika.sax,SecureContentHandler,256,0,22,0,63,0,28,0,17,0
Apache Tika core,org.apache.tika.sax,ExpandedTitleContentHandler,68,0,12,0,21,0,12,0,6,0
Apache Tika core,org.apache.tika.sax,StrictXHTMLValidator,291,0,34,0,78,0,32,0,15,0
Apache Tika core,org.apache.tika.sax,EndDocumentShieldingContentHandler,17,0,0,0,8,0,4,0,4,0
Apache Tika core,org.apache.tika.sax,PhoneExtractingContentHandler,71,0,2,0,19,0,5,0,4,0
Apache Tika core,org.apache.tika.sax,BasicContentHandlerFactory.HANDLER_TYPE,39,0,0,0,3,0,1,0,1,0
Apache Tika core,org.apache.tika.sax,RichTextContentHandler,51,0,8,0,10,0,6,0,2,0
Apache Tika core,org.apache.tika.sax,LinkBuilder,90,0,8,0,27,0,12,0,8,0
Apache Tika core,org.apache.tika,Tika,504,0,8,0,122,0,41,0,37,0
Apache Tika core,org.apache.tika.embedder,ExternalEmbedder,600,0,74,0,161,0,65,0,28,0
Apache Tika core,org.apache.tika.parser,RegexCaptureParserConfig,37,0,0,0,14,0,7,0,7,0
Apache Tika core,org.apache.tika.parser,SimplePasswordProvider,19,0,0,0,9,0,5,0,5,0
Apache Tika core,org.apache.tika.parser,ParsingReader.ParsingTask,51,0,2,0,13,0,3,0,2,0
Apache Tika core,org.apache.tika.parser,NetworkParser,80,0,2,0,19,0,5,0,4,0
Apache Tika core,org.apache.tika.parser,NetworkParser.new FilterOutputStream() {...},14,0,0,0,3,0,2,0,2,0
Apache Tika core,org.apache.tika.parser,ParsingIntent,5,0,0,0,1,0,1,0,1,0
Apache Tika core,org.apache.tika.parser,CryptoParser,110,0,12,0,29,0,10,0,4,0
Apache Tika core,org.apache.tika.parser,DelegatingParser,24,0,0,0,5,0,4,0,4,0
Apache Tika core,org.apache.tika.parser,RecursiveParserWrapper.ParserState,15,0,0,0,5,0,1,0,1,0
Apache Tika core,org.apache.tika.parser,StatefulParser,4,0,0,0,2,0,1,0,1,0
Apache Tika core,org.apache.tika.parser,RecursiveParserWrapper.RecursivelySecureContentHandler,137,0,16,0,41,0,15,0,7,0
Apache Tika core,org.apache.tika.parser,RecursiveParserWrapper.EmbeddedParserDecorator,235,0,16,0,56,0,10,0,2,0
Apache Tika core,org.apache.tika.parser,NetworkParser.ParsingTask,103,0,2,0,29,0,4,0,3,0
Apache Tika core,org.apache.tika.parser,ErrorParser,15,0,0,0,4,0,4,0,4,0
Apache Tika core,org.apache.tika.parser,AbstractExternalProcessParser,34,0,0,0,10,0,5,0,5,0
Apache Tika core,org.apache.tika.parser,RegexCaptureParser,285,0,26,0,56,0,20,0,7,0
Apache Tika core,org.apache.tika.parser,CompositeParser,554,0,64,0,129,0,53,0,21,0
Apache Tika core,org.apache.tika.parser,ParseContext,268,0,40,0,62,0,38,0,18,0
Apache Tika core,org.apache.tika.parser,AbstractEncodingDetectorParser,33,0,2,0,13,0,6,0,5,0
Apache Tika core,org.apache.tika.parser,ParseContext.StringJsonConfig,6,0,0,0,1,0,1,0,1,0
Apache Tika core,org.apache.tika.parser,RecursiveParserWrapper.SecureHandlerCounter,27,0,0,0,8,0,3,0,3,0
Apache Tika core,org.apache.tika.parser,ParserDecorator.MimeFilteringDecorator,73,0,8,0,18,0,9,0,5,0
Apache Tika core,org.apache.tika.parser,ParserPostProcessor,64,0,2,0,13,0,3,0,2,0
Apache Tika core,org.apache.tika.parser,MetadataOnlyParse,5,0,0,0,1,0,1,0,1,0
Apache Tika core,org.apache.tika.parser,AutoDetectParser,280,0,26,0,75,0,29,0,16,0
Apache Tika core,org.apache.tika.parser,NetworkParser.MetaHandler,34,0,8,0,9,0,6,0,2,0
Apache Tika core,org.apache.tika.parser,RecursiveParserWrapper,207,0,18,0,57,0,14,0,5,0
Apache Tika core,org.apache.tika.parser,DefaultParser,291,0,36,0,73,0,32,0,14,0
Apache Tika core,org.apache.tika.parser,ParserDecorator,77,0,12,0,19,0,15,0,9,0
Apache Tika core,org.apache.tika.parser,AutoDetectParserConfig.new ContentHandlerDecoratorFactory() {...},5,0,0,0,2,0,2,0,2,0
Apache Tika core,org.apache.tika.parser,ParseRecord,206,0,8,0,63,0,32,0,28,0
Apache Tika core,org.apache.tika.parser,AbstractParser,12,0,0,0,3,0,2,0,2,0
Apache Tika core,org.apache.tika.parser,ParsingReader,202,0,12,0,53,0,18,0,12,0
Apache Tika core,org.apache.tika.parser,AutoDetectParserConfig,39,0,0,0,13,0,7,0,7,0
Apache Tika core,org.apache.tika.parser,EmptyParser,22,0,0,0,7,0,4,0,4,0
Apache Tika core,org.apache.tika.metadata,Database,13,0,0,0,4,0,1,0,1,0
Apache Tika core,org.apache.tika.metadata,Geographic,13,0,0,0,4,0,1,0,1,0
Apache Tika core,org.apache.tika.metadata,PST,7,0,0,0,2,0,1,0,1,0
Apache Tika core,org.apache.tika.metadata,Message,59,0,0,0,21,0,1,0,1,0
Apache Tika core,org.apache.tika.metadata,Zip,49,0,0,0,20,0,1,0,1,0
Apache Tika core,org.apache.tika.metadata,Font,4,0,0,0,1,0,1,0,1,0
Apache Tika core,org.apache.tika.metadata,Property,466,0,36,0,92,0,62,0,44,0
Apache Tika core,org.apache.tika.metadata,ReservedNamespaces,14,0,6,0,3,0,4,0,1,0
Apache Tika core,org.apache.tika.metadata,MAPI,101,0,0,0,33,0,1,0,1,0
Apache Tika core,org.apache.tika.metadata,Photoshop,105,0,0,0,17,0,1,0,1,0
Apache Tika core,org.apache.tika.metadata,WARC,13,0,0,0,4,0,1,0,1,0
Apache Tika core,org.apache.tika.metadata,QuattroPro,13,0,0,0,4,0,1,0,1,0
Apache Tika core,org.apache.tika.metadata,PDF,178,0,0,0,62,0,1,0,1,0
Apache Tika core,org.apache.tika.metadata,Epub,17,0,0,0,2,0,1,0,1,0
Apache Tika core,org.apache.tika.metadata,TikaCoreProperties.EmbeddedResourceType,57,0,0,0,10,0,1,0,1,0
Apache Tika core,org.apache.tika.metadata,XMPPDF,13,0,0,0,4,0,1,0,1,0
Apache Tika core,org.apache.tika.metadata,OfficeOpenXMLCore,29,0,0,0,7,0,1,0,1,0
Apache Tika core,org.apache.tika.metadata,PassthroughPrefix,54,0,0,0,14,0,9,0,9,0
Apache Tika core,org.apache.tika.metadata,IPTC,667,0,0,0,106,0,1,0,1,0
Apache Tika core,org.apache.tika.metadata,FileSystem,10,0,0,0,3,0,1,0,1,0
Apache Tika core,org.apache.tika.metadata,Property.PropertyType,39,0,0,0,6,0,1,0,1,0
Apache Tika core,org.apache.tika.metadata,XMPIdq,4,0,0,0,1,0,1,0,1,0
Apache Tika core,org.apache.tika.metadata,XMPMM,72,0,0,0,18,0,1,0,1,0
Apache Tika core,org.apache.tika.metadata,TIFF,111,0,0,0,23,0,1,0,1,0
Apache Tika core,org.apache.tika.metadata,PageAnchoring,93,0,14,0,22,0,10,0,3,0
Apache Tika core,org.apache.tika.metadata,Office,177,0,0,0,56,0,1,0,1,0
Apache Tika core,org.apache.tika.metadata,MachineMetadata.Endian,35,0,2,0,11,0,6,0,5,0
Apache Tika core,org.apache.tika.metadata,Property.ValueType,93,0,0,0,3,0,1,0,1,0
Apache Tika core,org.apache.tika.metadata,MachineMetadata,171,0,0,0,8,0,1,0,1,0
Apache Tika core,org.apache.tika.metadata,Google,22,0,0,0,9,0,1,0,1,0
Apache Tika core,org.apache.tika.metadata,RTFMetadata,23,0,0,0,7,0,1,0,1,0
Apache Tika core,org.apache.tika.metadata,ExternalProcess,25,0,0,0,8,0,1,0,1,0
Apache Tika core,org.apache.tika.metadata,WordPerfect,22,0,0,0,7,0,1,0,1,0
Apache Tika core,org.apache.tika.metadata,XMP,34,0,0,0,11,0,1,0,1,0
Apache Tika core,org.apache.tika.metadata,AccessPermissions,25,0,0,0,9,0,1,0,1,0
Apache Tika core,org.apache.tika.metadata,PagedText,4,0,0,0,1,0,1,0,1,0
Apache Tika core,org.apache.tika.metadata,TikaPagedText,10,0,0,0,4,0,1,0,1,0
Apache Tika core,org.apache.tika.metadata,XMPRights,16,0,0,0,5,0,1,0,1,0
Apache Tika core,org.apache.tika.metadata,HTML,8,0,0,0,2,0,1,0,1,0
Apache Tika core,org.apache.tika.metadata,Audio,28,0,0,0,9,0,1,0,1,0
Apache Tika core,org.apache.tika.metadata,QuickTime,4,0,0,0,1,0,1,0,1,0
Apache Tika core,org.apache.tika.metadata,Rendering,7,0,0,0,2,0,1,0,1,0
Apache Tika core,org.apache.tika.metadata,DWG,17,0,0,0,6,0,1,0,1,0
Apache Tika core,org.apache.tika.metadata,XMPDC,52,0,0,0,17,0,1,0,1,0
Apache Tika core,org.apache.tika.metadata,XMPDM,418,0,0,0,61,0,1,0,1,0
Apache Tika core,org.apache.tika.metadata,DublinCore,52,0,0,0,17,0,1,0,1,0
Apache Tika core,org.apache.tika.metadata,Video,7,0,0,0,2,0,1,0,1,0
Apache Tika core,org.apache.tika.metadata,OfficeOpenXMLExtended,63,0,0,0,12,0,1,0,1,0
Apache Tika core,org.apache.tika.metadata,PassthroughPrefix.Provenance,15,0,0,0,1,0,1,0,1,0
Apache Tika core,org.apache.tika.metadata,Metadata,1113,0,154,0,260,0,122,0,45,0
Apache Tika core,org.apache.tika.metadata,XMPDM.ChannelTypePropertyConverter,69,0,20,0,22,0,14,0,4,0
Apache Tika core,org.apache.tika.metadata,XMPTIFF,37,0,0,0,12,0,1,0,1,0
Apache Tika core,org.apache.tika.metadata,TikaCoreProperties,245,0,0,0,106,0,1,0,1,0
Apache Tika core,org.apache.tika.metadata,HttpHeaders,25,0,0,0,8,0,1,0,1,0
Apache Tika core,org.apache.tika.metadata,PropertyTypeException,31,0,2,0,10,0,5,0,4,0
Apache Tika core,org.apache.tika.metadata,Metadata.new MetadataWriteLimiter() {...},69,0,6,0,16,0,7,0,4,0
Apache Tika core,org.apache.tika.parser.multiple,SupplementingParser,47,0,4,0,11,0,6,0,4,0
Apache Tika core,org.apache.tika.parser.multiple,AbstractMultipleParser.MetadataPolicy,27,0,0,0,5,0,1,0,1,0
Apache Tika core,org.apache.tika.parser.multiple,AbstractMultipleParser,406,0,50,0,91,0,38,0,12,0
Apache Tika core,org.apache.tika.parser.multiple,FallbackParser,22,0,2,0,7,0,5,0,4,0
Apache Tika core,org.apache.tika.sax.xpath,NodeMatcher,14,0,0,0,5,0,5,0,5,0
Apache Tika core,org.apache.tika.sax.xpath,MatchingContentHandler,138,0,20,0,33,0,17,0,7,0
Apache Tika core,org.apache.tika.sax.xpath,ElementMatcher,10,0,0,0,3,0,3,0,3,0
Apache Tika core,org.apache.tika.sax.xpath,SubtreeMatcher,41,0,4,0,10,0,7,0,5,0
Apache Tika core,org.apache.tika.sax.xpath,NamedElementMatcher,27,0,4,0,7,0,4,0,2,0
Apache Tika core,org.apache.tika.sax.xpath,ChildMatcher,9,0,0,0,4,0,2,0,2,0
Apache Tika core,org.apache.tika.sax.xpath,CompositeMatcher,87,0,20,0,16,0,15,0,5,0
Apache Tika core,org.apache.tika.sax.xpath,Matcher,16,0,0,0,6,0,6,0,6,0
Apache Tika core,org.apache.tika.sax.xpath,XPathParser,211,0,32,0,50,0,20,0,4,0
Apache Tika core,org.apache.tika.sax.xpath,TextMatcher,10,0,0,0,3,0,3,0,3,0
Apache Tika core,org.apache.tika.sax.xpath,AttributeMatcher,10,0,0,0,3,0,3,0,3,0
Apache Tika core,org.apache.tika.sax.xpath,NamedAttributeMatcher,23,0,4,0,5,0,4,0,2,0
Apache Tika core,org.apache.tika.digest,SkipContainerDocumentDigest,13,0,2,0,2,0,3,0,2,0
Apache Tika core,org.apache.tika.digest,DigestDef,80,0,2,0,25,0,9,0,8,0
Apache Tika core,org.apache.tika.digest,DigestDef.Algorithm,77,0,0,0,14,0,3,0,3,0
Apache Tika core,org.apache.tika.digest,DigestHelper,82,0,14,0,24,0,10,0,3,0
Apache Tika core,org.apache.tika.digest,DigesterFactory,2,0,0,0,1,0,1,0,1,0
Apache Tika core,org.apache.tika.digest,CompositeDigester,29,0,2,0,6,0,3,0,2,0
Apache Tika core,org.apache.tika.digest,DigestDef.Encoding,21,0,0,0,4,0,1,0,1,0
Apache Tika core,org.apache.tika.digest,InputStreamDigester,97,0,6,0,28,0,9,0,6,0
Apache Tika core,org.apache.tika.config,ConfigValidator,19,0,4,0,6,0,4,0,2,0
Apache Tika core,org.apache.tika.config,ConfigDeserializer,111,0,6,0,28,0,7,0,4,0
Apache Tika core,org.apache.tika.config,ServiceLoader.RankedService,21,0,0,0,6,0,3,0,3,0
Apache Tika core,org.apache.tika.config,TikaProgressTracker,31,0,4,0,12,0,6,0,4,0
Apache Tika core,org.apache.tika.config,TikaActivator,100,0,4,0,29,0,9,0,7,0
Apache Tika core,org.apache.tika.config,TikaExtras,238,0,28,0,56,0,20,0,6,0
Apache Tika core,org.apache.tika.config,ServiceLoader,414,0,42,0,110,0,40,0,19,0
Apache Tika core,org.apache.tika.config,ParseContextConfig,152,0,16,0,34,0,13,0,5,0
Apache Tika core,org.apache.tika.config,EmbeddedLimits,174,0,22,0,40,0,25,0,14,0
Apache Tika core,org.apache.tika.config,OutputLimits,244,0,24,0,52,0,30,0,18,0
Apache Tika core,org.apache.tika.config,TimeoutLimits,134,0,18,0,32,0,20,0,11,0
Apache Tika core,org.apache.tika.language.translate,DefaultTranslator,93,0,12,0,26,0,15,0,9,0
Apache Tika core,org.apache.tika.language.translate,EmptyTranslator,9,0,0,0,4,0,4,0,4,0
